id,ET,Period,RequiredFailureRate,N_Reghenzani,N_RTailor,does_RTailor_satisfy,does_n_2_m_1_satisfy,does_n_2_m_3_satisfy,ScaledFailureRate,p_due_RTailor,p_sdc_RTailor,p_actual_failure_RTailor,p_sdc_n_2_m_1,p_sdc_n_2_m_3
0,6,284,1e-05,1,1,True,-1,-1,7.888928399424344e-10,7.913473816803977e-16,3.333666816710509e-10,3.3336747301843257e-10,-1.0,-1.0
1,11,831,1e-05,1,1,True,-1,-1,2.308344848600541e-09,7.913473816803977e-16,6.111721601989768e-10,6.111729515463585e-10,-1.0,-1.0
2,19,446,1e-07,1,1,False,False,True,1.238886770948966e-11,7.913473816803977e-16,1.0556611441169269e-09,1.0556619354643086e-09,1.0556611441169457e-09,8.49698859869314e-16
3,1,695,1e-07,1,1,False,False,True,1.9305557152904385e-11,7.913473816803977e-16,5.556111165811195e-11,5.556190300549363e-11,5.556111165811195e-11,2.3537370012324485e-18
4,4,143,1e-07,1,1,False,False,True,3.9722669598063476e-12,7.913473816803977e-16,2.222444513213995e-10,2.2224524266878117e-10,2.2224445132139967e-10,3.7659791173603276e-17
